{
  "best": {
    "roc": 0.9719985749910938,
    "f1": 0.9220297029702971,
    "p": 0.9152334152334153,
    "r": 0.928927680798005
  },
  "last": {
    "roc": 0.9666997103514505,
    "f1": 0.9183548189073051,
    "p": 0.9044740024183797,
    "r": 0.9326683291770573
  },
  "swa": {
    "roc": 0.960829293226561,
    "f1": 0.9121081745543946,
    "p": 0.8993939393939394,
    "r": 0.9251870324189526
  },
  "latency_seq_per_s": 1185.107875685676
}