{
  "best": {
    "roc": 0.9629048496770496,
    "f1": 0.9122182680901542,
    "p": 0.8699095022624435,
    "r": 0.9588528678304239
  },
  "last": {
    "roc": 0.961177026378154,
    "f1": 0.9178571428571428,
    "p": 0.878132118451025,
    "r": 0.9613466334164589
  },
  "swa": {
    "roc": 0.9666849955855702,
    "f1": 0.919526627218935,
    "p": 0.875,
    "r": 0.9688279301745636
  },
  "latency_seq_per_s": 1205.9612614322825
}