{
  "best": {
    "roc": 0.9445975921187804,
    "f1": 0.886908077994429,
    "p": 0.8790723357261182,
    "r": 0.894884766722878
  },
  "last": {
    "roc": 0.9451842375608148,
    "f1": 0.8926490984743412,
    "p": 0.8811610076670318,
    "r": 0.9044406970207982
  },
  "swa": {
    "roc": 0.945881125099339,
    "f1": 0.8838243468593663,
    "p": 0.874106652006597,
    "r": 0.893760539629005
  },
  "latency_seq_per_s": 1369.5732666196557
}