{
  "F1_best_mean": 0.8923781159154736,
  "F1_best_std": 0.004766154351769314,
  "F1_last_mean": 0.8877213311021193,
  "F1_last_std": 0.0044854852184408,
  "F1_swa_mean": 0.8870428697053383,
  "F1_swa_std": 0.0033799622532035274,
  "latency_mean": 1376.1808226459414,
  "latency_std": 6.729993168032122
}