{
  "best": {
    "roc": 0.9486399032777034,
    "f1": 0.8945885005636979,
    "p": 0.8971170152628604,
    "r": 0.8920741989881956
  },
  "last": {
    "roc": 0.9404691164641119,
    "f1": 0.8866385372714487,
    "p": 0.8873873873873874,
    "r": 0.8858909499718943
  },
  "swa": {
    "roc": 0.9437311013548875,
    "f1": 0.8905639307649358,
    "p": 0.884636716583472,
    "r": 0.8965711073636875
  },
  "latency_seq_per_s": 1375.9422905990557
}