{
  "best": {
    "roc": 0.966097179411719,
    "f1": 0.9188514357053683,
    "p": 0.92,
    "r": 0.9177057356608479
  },
  "last": {
    "roc": 0.9675980855315129,
    "f1": 0.9213622291021671,
    "p": 0.915129151291513,
    "r": 0.9276807980049875
  },
  "swa": {
    "roc": 0.9604769133067952,
    "f1": 0.9083023543990086,
    "p": 0.9027093596059114,
    "r": 0.9139650872817955
  },
  "latency_seq_per_s": 1198.5920664643006
}