{
  "best": {
    "roc": 0.9492580464615922,
    "f1": 0.8956377691882937,
    "p": 0.8800868149755833,
    "r": 0.9117481731309725
  },
  "last": {
    "roc": 0.9423037084956678,
    "f1": 0.883876357560568,
    "p": 0.8758278145695364,
    "r": 0.8920741989881956
  },
  "swa": {
    "roc": 0.9417524980132194,
    "f1": 0.8867403314917127,
    "p": 0.8718087995654535,
    "r": 0.9021922428330523
  },
  "latency_seq_per_s": 1383.026910719113
}